"","plate","well","media","sample","substrate","concentration_nM","fluorescence","number_replicates","sd","time","time_h","t","_file"
"1",1,"A1","ProMM","total-fraction_rep1","MUF-Phosphate",1e+05,111383.33333,3,0.955,1899-12-31 16:52:00,0,"t0",1
"2",1,"A2","ProMM","total-fraction_rep1","MUF-Phosphate",1e+05,116786.66667,3,0.5053,1899-12-31 16:52:00,0,"t0",1
"3",1,"A3","ProMM","total-fraction_rep1","MUF-Phosphate",1e+05,120250,3,0.2687,1899-12-31 16:52:00,0,"t0",1
"4",1,"A4","ProMM","total-fraction_rep1","MUF-alpha-glucoside",4e+05,35626.66667,3,1.2198,1899-12-31 16:52:00,0,"t0",1
"5",1,"A5","ProMM","total-fraction_rep1","MUF-alpha-glucoside",4e+05,37890,3,1.4602,1899-12-31 16:52:00,0,"t0",1
"6",1,"A6","ProMM","total-fraction_rep1","MUF-alpha-glucoside",4e+05,37580,3,1.4241,1899-12-31 16:52:00,0,"t0",1
"7",1,"A7","ProMM","total-fraction_rep1","MUF-beta-glucoside",4e+05,44412.5,4,1.5807,1899-12-31 16:52:00,0,"t0",1
"8",1,"A8","ProMM","total-fraction_rep1","MUF-beta-glucoside",4e+05,44793.33333,3,0.4256,1899-12-31 16:52:00,0,"t0",1
"9",1,"A9","ProMM","total-fraction_rep1","MUF-beta-glucoside",4e+05,44526.66667,3,1.7774,1899-12-31 16:52:00,0,"t0",1
"10",1,"B1","ProMM","total-fraction_rep2","MUF-Phosphate",1e+05,140446.66667,3,0.4507,1899-12-31 16:52:00,0,"t0",1
"11",1,"B2","ProMM","total-fraction_rep2","MUF-Phosphate",1e+05,130860,3,0.5805,1899-12-31 16:52:00,0,"t0",1
"12",1,"B3","ProMM","total-fraction_rep2","MUF-Phosphate",1e+05,128296.66667,3,0.1729,1899-12-31 16:52:00,0,"t0",1
"13",1,"B4","ProMM","total-fraction_rep2","MUF-alpha-glucoside",4e+05,37056.66667,3,0.4891,1899-12-31 16:52:00,0,"t0",1
"14",1,"B5","ProMM","total-fraction_rep2","MUF-alpha-glucoside",4e+05,36656.66667,3,0.347,1899-12-31 16:52:00,0,"t0",1
"15",1,"B6","ProMM","total-fraction_rep2","MUF-alpha-glucoside",4e+05,39303.33333,3,0.9781,1899-12-31 16:52:00,0,"t0",1
"16",1,"B7","ProMM","total-fraction_rep2","MUF-beta-glucoside",4e+05,40336.66667,3,1.3969,1899-12-31 16:52:00,0,"t0",1
"17",1,"B8","ProMM","total-fraction_rep2","MUF-beta-glucoside",4e+05,39066.66667,3,0.6033,1899-12-31 16:52:00,0,"t0",1
"18",1,"B9","ProMM","total-fraction_rep2","MUF-beta-glucoside",4e+05,40446.66667,3,0.3355,1899-12-31 16:52:00,0,"t0",1
"19",1,"C1","ProMM","total-fraction_rep3","MUF-Phosphate",1e+05,136750,3,0.675,1899-12-31 16:52:00,0,"t0",1
"20",1,"C2","ProMM","total-fraction_rep3","MUF-Phosphate",1e+05,120500,3,0.1929,1899-12-31 16:52:00,0,"t0",1
"21",1,"C3","ProMM","total-fraction_rep3","MUF-Phosphate",1e+05,117976.66667,3,0.3842,1899-12-31 16:52:00,0,"t0",1
"22",1,"C4","ProMM","total-fraction_rep3","MUF-alpha-glucoside",4e+05,39410,3,0.4688,1899-12-31 16:52:00,0,"t0",1
"23",1,"C5","ProMM","total-fraction_rep3","MUF-alpha-glucoside",4e+05,40950,3,1.6919,1899-12-31 16:52:00,0,"t0",1
"24",1,"C6","ProMM","total-fraction_rep3","MUF-alpha-glucoside",4e+05,37582.5,4,1.8585,1899-12-31 16:52:00,0,"t0",1
"25",1,"C7","ProMM","total-fraction_rep3","MUF-beta-glucoside",4e+05,38586.66667,3,1.2812,1899-12-31 16:52:00,0,"t0",1
"26",1,"C8","ProMM","total-fraction_rep3","MUF-beta-glucoside",4e+05,45670,3,1.6057,1899-12-31 16:52:00,0,"t0",1
"27",1,"C9","ProMM","total-fraction_rep3","MUF-beta-glucoside",4e+05,37846.66667,3,0.5585,1899-12-31 16:52:00,0,"t0",1
"28",1,"D1","ProMM","0.2um-filtrate_rep1","MUF-Phosphate",1e+05,45543.33333,3,0.5453,1899-12-31 16:52:00,0,"t0",1
"29",1,"D2","ProMM","0.2um-filtrate_rep1","MUF-Phosphate",1e+05,41850,3,0.9169,1899-12-31 16:52:00,0,"t0",1
"30",1,"D3","ProMM","0.2um-filtrate_rep1","MUF-Phosphate",1e+05,41913.33333,3,0.9033,1899-12-31 16:52:00,0,"t0",1
"31",1,"D4","ProMM","0.2um-filtrate_rep1","MUF-alpha-glucoside",4e+05,17884,5,1.6176,1899-12-31 16:52:00,0,"t0",1
"32",1,"D5","ProMM","0.2um-filtrate_rep1","MUF-alpha-glucoside",4e+05,18150,3,0.7876,1899-12-31 16:52:00,0,"t0",1
"33",1,"D6","ProMM","0.2um-filtrate_rep1","MUF-alpha-glucoside",4e+05,17693.33333,3,0.6168,1899-12-31 16:52:00,0,"t0",1
"34",1,"D7","ProMM","0.2um-filtrate_rep1","MUF-beta-glucoside",4e+05,15276.66667,3,1.1989,1899-12-31 16:52:00,0,"t0",1
"35",1,"D8","ProMM","0.2um-filtrate_rep1","MUF-beta-glucoside",4e+05,16514,5,1.6481,1899-12-31 16:52:00,0,"t0",1
"36",1,"D9","ProMM","0.2um-filtrate_rep1","MUF-beta-glucoside",4e+05,24776.66667,3,1.3217,1899-12-31 16:52:00,0,"t0",1
"37",1,"E1","ProMM","0.2um-filtrate_rep2","MUF-Phosphate",1e+05,50786.66667,3,0.3076,1899-12-31 16:52:00,0,"t0",1
"38",1,"E2","ProMM","0.2um-filtrate_rep2","MUF-Phosphate",1e+05,43623.33333,3,1.3856,1899-12-31 16:52:00,0,"t0",1
"39",1,"E3","ProMM","0.2um-filtrate_rep2","MUF-Phosphate",1e+05,45220,3,0.5121,1899-12-31 16:52:00,0,"t0",1
"40",1,"E4","ProMM","0.2um-filtrate_rep2","MUF-alpha-glucoside",4e+05,17876.66667,3,0.3743,1899-12-31 16:52:00,0,"t0",1
"41",1,"E5","ProMM","0.2um-filtrate_rep2","MUF-alpha-glucoside",4e+05,18426.66667,3,1.2385,1899-12-31 16:52:00,0,"t0",1
"42",1,"E6","ProMM","0.2um-filtrate_rep2","MUF-alpha-glucoside",4e+05,18520,3,0.8662,1899-12-31 16:52:00,0,"t0",1
"43",1,"E7","ProMM","0.2um-filtrate_rep2","MUF-beta-glucoside",4e+05,17703.33333,3,1.8863,1899-12-31 16:52:00,0,"t0",1
"44",1,"E8","ProMM","0.2um-filtrate_rep2","MUF-beta-glucoside",4e+05,18900,3,1.2116,1899-12-31 16:52:00,0,"t0",1
"45",1,"E9","ProMM","0.2um-filtrate_rep2","MUF-beta-glucoside",4e+05,16788,5,1.6565,1899-12-31 16:52:00,0,"t0",1
"46",1,"F1","ProMM","0.2um-filtrate_rep3","MUF-Phosphate",1e+05,54760,3,0.7696,1899-12-31 16:52:00,0,"t0",1
"47",1,"F2","ProMM","0.2um-filtrate_rep3","MUF-Phosphate",1e+05,49183.33333,3,0.4082,1899-12-31 16:52:00,0,"t0",1
"48",1,"F3","ProMM","0.2um-filtrate_rep3","MUF-Phosphate",1e+05,54576.66667,3,1.0156,1899-12-31 16:52:00,0,"t0",1
"49",1,"F4","ProMM","0.2um-filtrate_rep3","MUF-alpha-glucoside",4e+05,18380,3,1.5602,1899-12-31 16:52:00,0,"t0",1
"50",1,"F5","ProMM","0.2um-filtrate_rep3","MUF-alpha-glucoside",4e+05,18310,3,0.4266,1899-12-31 16:52:00,0,"t0",1
"51",1,"F6","ProMM","0.2um-filtrate_rep3","MUF-alpha-glucoside",4e+05,18740,3,0.0924,1899-12-31 16:52:00,0,"t0",1
"52",1,"F7","ProMM","0.2um-filtrate_rep3","MUF-beta-glucoside",4e+05,18135,4,1.6647,1899-12-31 16:52:00,0,"t0",1
"53",1,"F8","ProMM","0.2um-filtrate_rep3","MUF-beta-glucoside",4e+05,17096.66667,3,1.7134,1899-12-31 16:52:00,0,"t0",1
"54",1,"F9","ProMM","0.2um-filtrate_rep3","MUF-beta-glucoside",4e+05,16540,3,0.7576,1899-12-31 16:52:00,0,"t0",1
"55",1,"G1","ProMM","NC","MUF-Phosphate",1e+05,39553.33333,3,0.4191,1899-12-31 16:52:00,0,"t0",1
"56",1,"G2","ProMM","NC","MUF-Phosphate",1e+05,37010,3,1.0454,1899-12-31 16:52:00,0,"t0",1
"57",1,"G3","ProMM","NC","MUF-Phosphate",1e+05,37536.66667,3,0.0789,1899-12-31 16:52:00,0,"t0",1
"58",1,"G4","ProMM","NC","MUF-alpha-glucoside",4e+05,20123.33333,3,1.7253,1899-12-31 16:52:00,0,"t0",1
"59",1,"G5","ProMM","NC","MUF-alpha-glucoside",4e+05,17500,3,0.9395,1899-12-31 16:52:00,0,"t0",1
"60",1,"G6","ProMM","NC","MUF-alpha-glucoside",4e+05,20423.33333,3,1.3623,1899-12-31 16:52:00,0,"t0",1
"61",1,"G7","ProMM","NC","MUF-beta-glucoside",4e+05,16190,3,0.6604,1899-12-31 16:52:00,0,"t0",1
"62",1,"G8","ProMM","NC","MUF-beta-glucoside",4e+05,16066.66667,3,0.8537,1899-12-31 16:52:00,0,"t0",1
"63",1,"G9","ProMM","NC","MUF-beta-glucoside",4e+05,18553.33333,3,1.0152,1899-12-31 16:52:00,0,"t0",1
"64",2,"A1","ProMM","100kDa-concentrate_rep1","MUF-Phosphate",1e+05,25680,3,0.7955,1899-12-31 16:54:00,0,"t0",2
"65",2,"A2","ProMM","100kDa-concentrate_rep1","MUF-Phosphate",1e+05,28536.66667,3,1.599,1899-12-31 16:54:00,0,"t0",2
"66",2,"A3","ProMM","100kDa-concentrate_rep1","MUF-Phosphate",1e+05,27723.33333,3,0.572,1899-12-31 16:54:00,0,"t0",2
"67",2,"A4","ProMM","100kDa-concentrate_rep1","MUF-alpha-glucoside",4e+05,21866.66667,3,1.7363,1899-12-31 16:54:00,0,"t0",2
"68",2,"A5","ProMM","100kDa-concentrate_rep1","MUF-alpha-glucoside",4e+05,26733.33333,3,1.7289,1899-12-31 16:54:00,0,"t0",2
"69",2,"A6","ProMM","100kDa-concentrate_rep1","MUF-alpha-glucoside",4e+05,32050,3,0.8969,1899-12-31 16:54:00,0,"t0",2
"70",2,"A7","ProMM","100kDa-concentrate_rep1","MUF-beta-glucoside",4e+05,21200,3,0.5253,1899-12-31 16:54:00,0,"t0",2
"71",2,"A8","ProMM","100kDa-concentrate_rep1","MUF-beta-glucoside",4e+05,20910,3,1.1307,1899-12-31 16:54:00,0,"t0",2
"72",2,"A9","ProMM","100kDa-concentrate_rep1","MUF-beta-glucoside",4e+05,20690,3,1.6047,1899-12-31 16:54:00,0,"t0",2
"73",2,"B1","ProMM","100kDa-concentrate_rep2","MUF-Phosphate",1e+05,26960,3,0.1337,1899-12-31 16:54:00,0,"t0",2
"74",2,"B2","ProMM","100kDa-concentrate_rep2","MUF-Phosphate",1e+05,26936.66667,3,0.6673,1899-12-31 16:54:00,0,"t0",2
"75",2,"B3","ProMM","100kDa-concentrate_rep2","MUF-Phosphate",1e+05,27983.33333,3,1.3341,1899-12-31 16:54:00,0,"t0",2
"76",2,"B4","ProMM","100kDa-concentrate_rep2","MUF-alpha-glucoside",4e+05,22943.33333,3,1.8101,1899-12-31 16:54:00,0,"t0",2
"77",2,"B5","ProMM","100kDa-concentrate_rep2","MUF-alpha-glucoside",4e+05,24510,4,1.7929,1899-12-31 16:54:00,0,"t0",2
"78",2,"B6","ProMM","100kDa-concentrate_rep2","MUF-alpha-glucoside",4e+05,23400,3,1.3285,1899-12-31 16:54:00,0,"t0",2
"79",2,"B7","ProMM","100kDa-concentrate_rep2","MUF-beta-glucoside",4e+05,20290,3,1.0064,1899-12-31 16:54:00,0,"t0",2
"80",2,"B8","ProMM","100kDa-concentrate_rep2","MUF-beta-glucoside",4e+05,22876.66667,3,1.3202,1899-12-31 16:54:00,0,"t0",2
"81",2,"B9","ProMM","100kDa-concentrate_rep2","MUF-beta-glucoside",4e+05,21183.33333,3,1.2171,1899-12-31 16:54:00,0,"t0",2
"82",2,"C1","ProMM","100kDa-concentrate_rep3","MUF-Phosphate",1e+05,24060,3,0.9166,1899-12-31 16:54:00,0,"t0",2
"83",2,"C2","ProMM","100kDa-concentrate_rep3","MUF-Phosphate",1e+05,23590,3,1.1138,1899-12-31 16:54:00,0,"t0",2
"84",2,"C3","ProMM","100kDa-concentrate_rep3","MUF-Phosphate",1e+05,23320,3,0.1981,1899-12-31 16:54:00,0,"t0",2
"85",2,"C4","ProMM","100kDa-concentrate_rep3","MUF-alpha-glucoside",4e+05,27706.66667,3,1.615,1899-12-31 16:54:00,0,"t0",2
"86",2,"C5","ProMM","100kDa-concentrate_rep3","MUF-alpha-glucoside",4e+05,22030,3,0.4119,1899-12-31 16:54:00,0,"t0",2
"87",2,"C6","ProMM","100kDa-concentrate_rep3","MUF-alpha-glucoside",4e+05,20486.66667,3,1.2748,1899-12-31 16:54:00,0,"t0",2
"88",2,"C7","ProMM","100kDa-concentrate_rep3","MUF-beta-glucoside",4e+05,20073.33333,3,0.0439,1899-12-31 16:54:00,0,"t0",2
"89",2,"C8","ProMM","100kDa-concentrate_rep3","MUF-beta-glucoside",4e+05,18793.33333,3,0.5767,1899-12-31 16:54:00,0,"t0",2
"90",2,"C9","ProMM","100kDa-concentrate_rep3","MUF-beta-glucoside",4e+05,18986.66667,3,0.5724,1899-12-31 16:54:00,0,"t0",2
"91",2,"D1","ProMM","100kDa-outflow_rep1","MUF-Phosphate",1e+05,37710,3,1.3594,1899-12-31 16:54:00,0,"t0",2
"92",2,"D2","ProMM","100kDa-outflow_rep1","MUF-Phosphate",1e+05,36770,3,0.3279,1899-12-31 16:54:00,0,"t0",2
"93",2,"D3","ProMM","100kDa-outflow_rep1","MUF-Phosphate",1e+05,35646.66667,3,0.486,1899-12-31 16:54:00,0,"t0",2
"94",2,"D4","ProMM","100kDa-outflow_rep1","MUF-alpha-glucoside",4e+05,20880,3,1.0713,1899-12-31 16:54:00,0,"t0",2
"95",2,"D5","ProMM","100kDa-outflow_rep1","MUF-alpha-glucoside",4e+05,18915,4,1.9829,1899-12-31 16:54:00,0,"t0",2
"96",2,"D6","ProMM","100kDa-outflow_rep1","MUF-alpha-glucoside",4e+05,17136.66667,3,1.2435,1899-12-31 16:54:00,0,"t0",2
"97",2,"D7","ProMM","100kDa-outflow_rep1","MUF-beta-glucoside",4e+05,14995,6,1.881,1899-12-31 16:54:00,0,"t0",2
"98",2,"D8","ProMM","100kDa-outflow_rep1","MUF-beta-glucoside",4e+05,14546.66667,3,1.1009,1899-12-31 16:54:00,0,"t0",2
"99",2,"D9","ProMM","100kDa-outflow_rep1","MUF-beta-glucoside",4e+05,16520,3,0.1849,1899-12-31 16:54:00,0,"t0",2
"100",2,"E1","ProMM","100kDa-outflow_rep2","MUF-Phosphate",1e+05,38176.66667,3,1.3428,1899-12-31 16:54:00,0,"t0",2
"101",2,"E2","ProMM","100kDa-outflow_rep2","MUF-Phosphate",1e+05,34363.33333,3,0.1843,1899-12-31 16:54:00,0,"t0",2
"102",2,"E3","ProMM","100kDa-outflow_rep2","MUF-Phosphate",1e+05,35706.66667,3,1.3802,1899-12-31 16:54:00,0,"t0",2
"103",2,"E4","ProMM","100kDa-outflow_rep2","MUF-alpha-glucoside",4e+05,16913.33333,3,1.0361,1899-12-31 16:54:00,0,"t0",2
"104",2,"E5","ProMM","100kDa-outflow_rep2","MUF-alpha-glucoside",4e+05,17742,5,1.8955,1899-12-31 16:54:00,0,"t0",2
"105",2,"E6","ProMM","100kDa-outflow_rep2","MUF-alpha-glucoside",4e+05,17483.33333,3,0.8689,1899-12-31 16:54:00,0,"t0",2
"106",2,"E7","ProMM","100kDa-outflow_rep2","MUF-beta-glucoside",4e+05,15900,4,1.6642,1899-12-31 16:54:00,0,"t0",2
"107",2,"E8","ProMM","100kDa-outflow_rep2","MUF-beta-glucoside",4e+05,14706.66667,6,1.9525,1899-12-31 16:54:00,0,"t0",2
"108",2,"E9","ProMM","100kDa-outflow_rep2","MUF-beta-glucoside",4e+05,15620,3,0.7503,1899-12-31 16:54:00,0,"t0",2
"109",2,"F1","ProMM","100kDa-outflow_rep3","MUF-Phosphate",1e+05,39800,3,1.3225,1899-12-31 16:54:00,0,"t0",2
"110",2,"F2","ProMM","100kDa-outflow_rep3","MUF-Phosphate",1e+05,40836.66667,3,1.6306,1899-12-31 16:54:00,0,"t0",2
"111",2,"F3","ProMM","100kDa-outflow_rep3","MUF-Phosphate",1e+05,40480,3,0.8857,1899-12-31 16:54:00,0,"t0",2
"112",2,"F4","ProMM","100kDa-outflow_rep3","MUF-alpha-glucoside",4e+05,17320,3,0.9939,1899-12-31 16:54:00,0,"t0",2
"113",2,"F5","ProMM","100kDa-outflow_rep3","MUF-alpha-glucoside",4e+05,17106.66667,3,0.9008,1899-12-31 16:54:00,0,"t0",2
"114",2,"F6","ProMM","100kDa-outflow_rep3","MUF-alpha-glucoside",4e+05,18270,3,1.2227,1899-12-31 16:54:00,0,"t0",2
"115",2,"F7","ProMM","100kDa-outflow_rep3","MUF-beta-glucoside",4e+05,15516.66667,3,0.2793,1899-12-31 16:54:00,0,"t0",2
"116",2,"F8","ProMM","100kDa-outflow_rep3","MUF-beta-glucoside",4e+05,16123.33333,3,0.4119,1899-12-31 16:54:00,0,"t0",2
"117",2,"F9","ProMM","100kDa-outflow_rep3","MUF-beta-glucoside",4e+05,15573.33333,3,0.4824,1899-12-31 16:54:00,0,"t0",2
"118",2,"G1","ProMM","NC","MUF-Phosphate",1e+05,38223.33333,3,1.9563,1899-12-31 16:54:00,0,"t0",2
"119",2,"G2","ProMM","NC","MUF-Phosphate",1e+05,37983.33333,3,1.3279,1899-12-31 16:54:00,0,"t0",2
"120",2,"G3","ProMM","NC","MUF-Phosphate",1e+05,37356.66667,3,1.6074,1899-12-31 16:54:00,0,"t0",2
"121",2,"G4","ProMM","NC","MUF-alpha-glucoside",4e+05,17986.66667,6,1.7389,1899-12-31 16:54:00,0,"t0",2
"122",2,"G5","ProMM","NC","MUF-alpha-glucoside",4e+05,17940,3,0.4208,1899-12-31 16:54:00,0,"t0",2
"123",2,"G6","ProMM","NC","MUF-alpha-glucoside",4e+05,18016.66667,3,1.2835,1899-12-31 16:54:00,0,"t0",2
"124",2,"G7","ProMM","NC","MUF-beta-glucoside",4e+05,16090,3,1.313,1899-12-31 16:54:00,0,"t0",2
"125",2,"G8","ProMM","NC","MUF-beta-glucoside",4e+05,13816.66667,3,1.1718,1899-12-31 16:54:00,0,"t0",2
"126",2,"G9","ProMM","NC","MUF-beta-glucoside",4e+05,16226.66667,3,1.2047,1899-12-31 16:54:00,0,"t0",2
"127",3,"A1","ProMM","total-fraction_rep1","MCA-Leucine",6e+05,37420,3,1.0804,1899-12-31 17:00:00,0,"t0",4
"128",3,"A2","ProMM","total-fraction_rep1","MCA-Leucine",6e+05,38980,3,0.5387,1899-12-31 17:00:00,0,"t0",4
"129",3,"A3","ProMM","total-fraction_rep1","MCA-Leucine",6e+05,35813.33333,3,1.8963,1899-12-31 17:00:00,0,"t0",4
"130",3,"A4","ProMM","total-fraction_rep2","MCA-Leucine",6e+05,35310,3,0.0713,1899-12-31 17:00:00,0,"t0",4
"131",3,"A5","ProMM","total-fraction_rep2","MCA-Leucine",6e+05,38303.33333,3,0.9803,1899-12-31 17:00:00,0,"t0",4
"132",3,"A6","ProMM","total-fraction_rep2","MCA-Leucine",6e+05,35280,3,0.3938,1899-12-31 17:00:00,0,"t0",4
"133",3,"A7","ProMM","total-fraction_rep3","MCA-Leucine",6e+05,35870,3,0.527,1899-12-31 17:00:00,0,"t0",4
"134",3,"A8","ProMM","total-fraction_rep3","MCA-Leucine",6e+05,35883.33333,3,0.5759,1899-12-31 17:00:00,0,"t0",4
"135",3,"A9","ProMM","total-fraction_rep3","MCA-Leucine",6e+05,39150,4,1.6729,1899-12-31 17:00:00,0,"t0",4
"136",3,"B1","ProMM","0.2um-filtrate_rep1","MCA-Leucine",6e+05,16115,4,1.9304,1899-12-31 17:00:00,0,"t0",4
"137",3,"B2","ProMM","0.2um-filtrate_rep1","MCA-Leucine",6e+05,18473.33333,3,0.8584,1899-12-31 17:00:00,0,"t0",4
"138",3,"B3","ProMM","0.2um-filtrate_rep1","MCA-Leucine",6e+05,17730,3,1.9944,1899-12-31 17:00:00,0,"t0",4
"139",3,"B4","ProMM","0.2um-filtrate_rep2","MCA-Leucine",6e+05,19883.33333,3,1.5448,1899-12-31 17:00:00,0,"t0",4
"140",3,"B5","ProMM","0.2um-filtrate_rep2","MCA-Leucine",6e+05,20410,4,1.6681,1899-12-31 17:00:00,0,"t0",4
"141",3,"B6","ProMM","0.2um-filtrate_rep2","MCA-Leucine",6e+05,19020,3,0.7367,1899-12-31 17:00:00,0,"t0",4
"142",3,"B7","ProMM","0.2um-filtrate_rep3","MCA-Leucine",6e+05,18717.5,4,1.9418,1899-12-31 17:00:00,0,"t0",4
"143",3,"B8","ProMM","0.2um-filtrate_rep3","MCA-Leucine",6e+05,19050,5,1.9055,1899-12-31 17:00:00,0,"t0",4
"144",3,"B9","ProMM","0.2um-filtrate_rep3","MCA-Leucine",6e+05,19660,4,1.5977,1899-12-31 17:00:00,0,"t0",4
"145",3,"C1","ProMM","100kDa-concentrate_rep1","MCA-Leucine",6e+05,22506.66667,3,0.7212,1899-12-31 17:00:00,0,"t0",4
"146",3,"C2","ProMM","100kDa-concentrate_rep1","MCA-Leucine",6e+05,19096.66667,3,0.7169,1899-12-31 17:00:00,0,"t0",4
"147",3,"C3","ProMM","100kDa-concentrate_rep1","MCA-Leucine",6e+05,19653.33333,3,0.4848,1899-12-31 17:00:00,0,"t0",4
"148",3,"C4","ProMM","100kDa-concentrate_rep2","MCA-Leucine",6e+05,21396.66667,3,0.71,1899-12-31 17:00:00,0,"t0",4
"149",3,"C5","ProMM","100kDa-concentrate_rep2","MCA-Leucine",6e+05,21270,3,0.6219,1899-12-31 17:00:00,0,"t0",4
"150",3,"C6","ProMM","100kDa-concentrate_rep2","MCA-Leucine",6e+05,21850,4,1.5021,1899-12-31 17:00:00,0,"t0",4
"151",3,"C7","ProMM","100kDa-concentrate_rep3","MCA-Leucine",6e+05,20820,3,1.6618,1899-12-31 17:00:00,0,"t0",4
"152",3,"C8","ProMM","100kDa-concentrate_rep3","MCA-Leucine",6e+05,19826.66667,3,0.9677,1899-12-31 17:00:00,0,"t0",4
"153",3,"C9","ProMM","100kDa-concentrate_rep3","MCA-Leucine",6e+05,27446.66667,3,0.8202,1899-12-31 17:00:00,0,"t0",4
"154",3,"D1","ProMM","100kDa-outflow_rep1","MCA-Leucine",6e+05,17270,4,1.9965,1899-12-31 17:00:00,0,"t0",4
"155",3,"D2","ProMM","100kDa-outflow_rep1","MCA-Leucine",6e+05,14666.66667,3,1.6887,1899-12-31 17:00:00,0,"t0",4
"156",3,"D3","ProMM","100kDa-outflow_rep1","MCA-Leucine",6e+05,17643.33333,3,0.4746,1899-12-31 17:00:00,0,"t0",4
"157",3,"D4","ProMM","100kDa-outflow_rep2","MCA-Leucine",6e+05,17130,3,1.102,1899-12-31 17:00:00,0,"t0",4
"158",3,"D5","ProMM","100kDa-outflow_rep2","MCA-Leucine",6e+05,18122,5,1.9757,1899-12-31 17:00:00,0,"t0",4
"159",3,"D6","ProMM","100kDa-outflow_rep2","MCA-Leucine",6e+05,18227.5,4,1.7854,1899-12-31 17:00:00,0,"t0",4
"160",3,"D7","ProMM","100kDa-outflow_rep3","MCA-Leucine",6e+05,18570,3,1.4056,1899-12-31 17:00:00,0,"t0",4
"161",3,"D8","ProMM","100kDa-outflow_rep3","MCA-Leucine",6e+05,18423.33333,3,1.755,1899-12-31 17:00:00,0,"t0",4
"162",3,"D9","ProMM","100kDa-outflow_rep3","MCA-Leucine",6e+05,24010,3,0.7501,1899-12-31 17:00:00,0,"t0",4
"163",3,"E1","ProMM","NC","MCA-Leucine",6e+05,20610,3,1.1506,1899-12-31 17:00:00,0,"t0",4
"164",3,"E2","ProMM","NC","MCA-Leucine",6e+05,17320,3,1.3296,1899-12-31 17:00:00,0,"t0",4
"165",3,"E3","ProMM","NC","MCA-Leucine",6e+05,18167.5,4,1.5452,1899-12-31 17:00:00,0,"t0",4
"166",1,"A1","ProMM","total-fraction_rep1","MUF-Phosphate",1e+05,973906.66667,3,0.2468,1899-12-31 18:32:00,1.67,"t1",5
"167",1,"A2","ProMM","total-fraction_rep1","MUF-Phosphate",1e+05,927813.33333,3,0.1877,1899-12-31 18:32:00,1.67,"t1",5
"168",1,"A3","ProMM","total-fraction_rep1","MUF-Phosphate",1e+05,963670,3,0.1349,1899-12-31 18:32:00,1.67,"t1",5
"169",1,"A4","ProMM","total-fraction_rep1","MUF-alpha-glucoside",4e+05,1373570,3,0.1687,1899-12-31 18:32:00,1.67,"t1",5
"170",1,"A5","ProMM","total-fraction_rep1","MUF-alpha-glucoside",4e+05,1362810,3,0.3196,1899-12-31 18:32:00,1.67,"t1",5
"171",1,"A6","ProMM","total-fraction_rep1","MUF-alpha-glucoside",4e+05,1336490,3,0.1771,1899-12-31 18:32:00,1.67,"t1",5
"172",1,"A7","ProMM","total-fraction_rep1","MUF-beta-glucoside",4e+05,1055220,3,0.1982,1899-12-31 18:32:00,1.67,"t1",5
"173",1,"A8","ProMM","total-fraction_rep1","MUF-beta-glucoside",4e+05,1162693.33333,3,0.1992,1899-12-31 18:32:00,1.67,"t1",5
"174",1,"A9","ProMM","total-fraction_rep1","MUF-beta-glucoside",4e+05,1104236.66667,3,0.1271,1899-12-31 18:32:00,1.67,"t1",5
"175",1,"B1","ProMM","total-fraction_rep2","MUF-Phosphate",1e+05,1438916.66667,3,0.1428,1899-12-31 18:32:00,1.67,"t1",5
"176",1,"B2","ProMM","total-fraction_rep2","MUF-Phosphate",1e+05,1011643.33333,3,0.0863,1899-12-31 18:32:00,1.67,"t1",5
"177",1,"B3","ProMM","total-fraction_rep2","MUF-Phosphate",1e+05,1111556.66667,3,0.1437,1899-12-31 18:32:00,1.67,"t1",5
"178",1,"B4","ProMM","total-fraction_rep2","MUF-alpha-glucoside",4e+05,778520,3,0.0826,1899-12-31 18:32:00,1.67,"t1",5
"179",1,"B5","ProMM","total-fraction_rep2","MUF-alpha-glucoside",4e+05,897686.66667,3,0.1066,1899-12-31 18:32:00,1.67,"t1",5
"180",1,"B6","ProMM","total-fraction_rep2","MUF-alpha-glucoside",4e+05,1070350,3,0.2416,1899-12-31 18:32:00,1.67,"t1",5
"181",1,"B7","ProMM","total-fraction_rep2","MUF-beta-glucoside",4e+05,755176.66667,3,0.1374,1899-12-31 18:32:00,1.67,"t1",5
"182",1,"B8","ProMM","total-fraction_rep2","MUF-beta-glucoside",4e+05,682533.33333,3,0.1099,1899-12-31 18:32:00,1.67,"t1",5
"183",1,"B9","ProMM","total-fraction_rep2","MUF-beta-glucoside",4e+05,693366.66667,3,0.217,1899-12-31 18:32:00,1.67,"t1",5
"184",1,"C1","ProMM","total-fraction_rep3","MUF-Phosphate",1e+05,1443783.33333,3,0.2092,1899-12-31 18:32:00,1.67,"t1",5
"185",1,"C2","ProMM","total-fraction_rep3","MUF-Phosphate",1e+05,965583.33333,3,0.1711,1899-12-31 18:32:00,1.67,"t1",5
"186",1,"C3","ProMM","total-fraction_rep3","MUF-Phosphate",1e+05,1091760,3,0.2636,1899-12-31 18:32:00,1.67,"t1",5
"187",1,"C4","ProMM","total-fraction_rep3","MUF-alpha-glucoside",4e+05,708010,3,0.2619,1899-12-31 18:32:00,1.67,"t1",5
"188",1,"C5","ProMM","total-fraction_rep3","MUF-alpha-glucoside",4e+05,937386.66667,3,0.0875,1899-12-31 18:32:00,1.67,"t1",5
"189",1,"C6","ProMM","total-fraction_rep3","MUF-alpha-glucoside",4e+05,795390,3,0.1151,1899-12-31 18:32:00,1.67,"t1",5
"190",1,"C7","ProMM","total-fraction_rep3","MUF-beta-glucoside",4e+05,703290,3,0.2293,1899-12-31 18:32:00,1.67,"t1",5
"191",1,"C8","ProMM","total-fraction_rep3","MUF-beta-glucoside",4e+05,644080,3,0.4035,1899-12-31 18:32:00,1.67,"t1",5
"192",1,"C9","ProMM","total-fraction_rep3","MUF-beta-glucoside",4e+05,717800,3,0.0432,1899-12-31 18:32:00,1.67,"t1",5
"193",1,"D1","ProMM","0.2um-filtrate_rep1","MUF-Phosphate",1e+05,272473.33333,3,0.2443,1899-12-31 18:32:00,1.67,"t1",5
"194",1,"D2","ProMM","0.2um-filtrate_rep1","MUF-Phosphate",1e+05,239123.33333,3,0.1092,1899-12-31 18:32:00,1.67,"t1",5
"195",1,"D3","ProMM","0.2um-filtrate_rep1","MUF-Phosphate",1e+05,229586.66667,3,0.2895,1899-12-31 18:32:00,1.67,"t1",5
"196",1,"D4","ProMM","0.2um-filtrate_rep1","MUF-alpha-glucoside",4e+05,30526.66667,3,0.7644,1899-12-31 18:32:00,1.67,"t1",5
"197",1,"D5","ProMM","0.2um-filtrate_rep1","MUF-alpha-glucoside",4e+05,33953.33333,3,0.3201,1899-12-31 18:32:00,1.67,"t1",5
"198",1,"D6","ProMM","0.2um-filtrate_rep1","MUF-alpha-glucoside",4e+05,28003.33333,3,0.7264,1899-12-31 18:32:00,1.67,"t1",5
"199",1,"D7","ProMM","0.2um-filtrate_rep1","MUF-beta-glucoside",4e+05,26136.66667,3,1.8543,1899-12-31 18:32:00,1.67,"t1",5
"200",1,"D8","ProMM","0.2um-filtrate_rep1","MUF-beta-glucoside",4e+05,27583.33333,3,1.6323,1899-12-31 18:32:00,1.67,"t1",5
"201",1,"D9","ProMM","0.2um-filtrate_rep1","MUF-beta-glucoside",4e+05,32226.66667,3,0.5825,1899-12-31 18:32:00,1.67,"t1",5
"202",1,"E1","ProMM","0.2um-filtrate_rep2","MUF-Phosphate",1e+05,348973.33333,3,0.1431,1899-12-31 18:32:00,1.67,"t1",5
"203",1,"E2","ProMM","0.2um-filtrate_rep2","MUF-Phosphate",1e+05,301070,3,0.337,1899-12-31 18:32:00,1.67,"t1",5
"204",1,"E3","ProMM","0.2um-filtrate_rep2","MUF-Phosphate",1e+05,260676.66667,3,0.1412,1899-12-31 18:32:00,1.67,"t1",5
"205",1,"E4","ProMM","0.2um-filtrate_rep2","MUF-alpha-glucoside",4e+05,98923.33333,3,0.5425,1899-12-31 18:32:00,1.67,"t1",5
"206",1,"E5","ProMM","0.2um-filtrate_rep2","MUF-alpha-glucoside",4e+05,87560,3,0.534,1899-12-31 18:32:00,1.67,"t1",5
"207",1,"E6","ProMM","0.2um-filtrate_rep2","MUF-alpha-glucoside",4e+05,81823.33333,3,0.3992,1899-12-31 18:32:00,1.67,"t1",5
"208",1,"E7","ProMM","0.2um-filtrate_rep2","MUF-beta-glucoside",4e+05,87330,3,0.1064,1899-12-31 18:32:00,1.67,"t1",5
"209",1,"E8","ProMM","0.2um-filtrate_rep2","MUF-beta-glucoside",4e+05,103780,3,1.0253,1899-12-31 18:32:00,1.67,"t1",5
"210",1,"E9","ProMM","0.2um-filtrate_rep2","MUF-beta-glucoside",4e+05,97173.33333,3,0.5262,1899-12-31 18:32:00,1.67,"t1",5
"211",1,"F1","ProMM","0.2um-filtrate_rep3","MUF-Phosphate",1e+05,330530,3,0.2887,1899-12-31 18:32:00,1.67,"t1",5
"212",1,"F2","ProMM","0.2um-filtrate_rep3","MUF-Phosphate",1e+05,283573.33333,3,0.3176,1899-12-31 18:32:00,1.67,"t1",5
"213",1,"F3","ProMM","0.2um-filtrate_rep3","MUF-Phosphate",1e+05,265786.66667,3,0.1064,1899-12-31 18:32:00,1.67,"t1",5
"214",1,"F4","ProMM","0.2um-filtrate_rep3","MUF-alpha-glucoside",4e+05,34480,3,1.4563,1899-12-31 18:32:00,1.67,"t1",5
"215",1,"F5","ProMM","0.2um-filtrate_rep3","MUF-alpha-glucoside",4e+05,37946.66667,3,0.9594,1899-12-31 18:32:00,1.67,"t1",5
"216",1,"F6","ProMM","0.2um-filtrate_rep3","MUF-alpha-glucoside",4e+05,37316.66667,3,1.6298,1899-12-31 18:32:00,1.67,"t1",5
"217",1,"F7","ProMM","0.2um-filtrate_rep3","MUF-beta-glucoside",4e+05,43490,3,0.6733,1899-12-31 18:32:00,1.67,"t1",5
"218",1,"F8","ProMM","0.2um-filtrate_rep3","MUF-beta-glucoside",4e+05,35790,3,1.3718,1899-12-31 18:32:00,1.67,"t1",5
"219",1,"F9","ProMM","0.2um-filtrate_rep3","MUF-beta-glucoside",4e+05,36100,3,1.7832,1899-12-31 18:32:00,1.67,"t1",5
"220",1,"G1","ProMM","NC","MUF-Phosphate",1e+05,43875,4,1.4696,1899-12-31 18:32:00,1.67,"t1",5
"221",1,"G2","ProMM","NC","MUF-Phosphate",1e+05,40540,3,0.7187,1899-12-31 18:32:00,1.67,"t1",5
"222",1,"G3","ProMM","NC","MUF-Phosphate",1e+05,40723.33333,3,0.5873,1899-12-31 18:32:00,1.67,"t1",5
"223",1,"G4","ProMM","NC","MUF-alpha-glucoside",4e+05,18363.33333,3,1.2194,1899-12-31 18:32:00,1.67,"t1",5
"224",1,"G5","ProMM","NC","MUF-alpha-glucoside",4e+05,18666.66667,3,0.7328,1899-12-31 18:32:00,1.67,"t1",5
"225",1,"G6","ProMM","NC","MUF-alpha-glucoside",4e+05,19293.33333,3,0.6667,1899-12-31 18:32:00,1.67,"t1",5
"226",1,"G7","ProMM","NC","MUF-beta-glucoside",4e+05,16710,3,1.104,1899-12-31 18:32:00,1.67,"t1",5
"227",1,"G8","ProMM","NC","MUF-beta-glucoside",4e+05,16693.33333,3,0.5406,1899-12-31 18:32:00,1.67,"t1",5
"228",1,"G9","ProMM","NC","MUF-beta-glucoside",4e+05,16990,4,1.4421,1899-12-31 18:32:00,1.67,"t1",5
"229",2,"A1","ProMM","100kDa-concentrate_rep1","MUF-Phosphate",1e+05,117883.33333,3,0.2982,1899-12-31 18:35:00,1.68,"t1",6
"230",2,"A2","ProMM","100kDa-concentrate_rep1","MUF-Phosphate",1e+05,112996.66667,3,0.7325,1899-12-31 18:35:00,1.68,"t1",6
"231",2,"A3","ProMM","100kDa-concentrate_rep1","MUF-Phosphate",1e+05,110080,3,0.6066,1899-12-31 18:35:00,1.68,"t1",6
"232",2,"A4","ProMM","100kDa-concentrate_rep1","MUF-alpha-glucoside",4e+05,32003.33333,3,0.4405,1899-12-31 18:35:00,1.68,"t1",6
"233",2,"A5","ProMM","100kDa-concentrate_rep1","MUF-alpha-glucoside",4e+05,36283.33333,3,0.7135,1899-12-31 18:35:00,1.68,"t1",6
"234",2,"A6","ProMM","100kDa-concentrate_rep1","MUF-alpha-glucoside",4e+05,32576,5,1.6869,1899-12-31 18:35:00,1.68,"t1",6
"235",2,"A7","ProMM","100kDa-concentrate_rep1","MUF-beta-glucoside",4e+05,31236.66667,3,0.8361,1899-12-31 18:35:00,1.68,"t1",6
"236",2,"A8","ProMM","100kDa-concentrate_rep1","MUF-beta-glucoside",4e+05,34355,4,1.9732,1899-12-31 18:35:00,1.68,"t1",6
"237",2,"A9","ProMM","100kDa-concentrate_rep1","MUF-beta-glucoside",4e+05,30750,3,1.935,1899-12-31 18:35:00,1.68,"t1",6
"238",2,"B1","ProMM","100kDa-concentrate_rep2","MUF-Phosphate",1e+05,153353.33333,3,0.9375,1899-12-31 18:35:00,1.68,"t1",6
"239",2,"B2","ProMM","100kDa-concentrate_rep2","MUF-Phosphate",1e+05,123636.66667,3,0.6935,1899-12-31 18:35:00,1.68,"t1",6
"240",2,"B3","ProMM","100kDa-concentrate_rep2","MUF-Phosphate",1e+05,117250,3,0.4697,1899-12-31 18:35:00,1.68,"t1",6
"241",2,"B4","ProMM","100kDa-concentrate_rep2","MUF-alpha-glucoside",4e+05,59983.33333,3,0.1541,1899-12-31 18:35:00,1.68,"t1",6
"242",2,"B5","ProMM","100kDa-concentrate_rep2","MUF-alpha-glucoside",4e+05,60970,3,0.9287,1899-12-31 18:35:00,1.68,"t1",6
"243",2,"B6","ProMM","100kDa-concentrate_rep2","MUF-alpha-glucoside",4e+05,64270,3,0.2978,1899-12-31 18:35:00,1.68,"t1",6
"244",2,"B7","ProMM","100kDa-concentrate_rep2","MUF-beta-glucoside",4e+05,47423.33333,3,1.432,1899-12-31 18:35:00,1.68,"t1",6
"245",2,"B8","ProMM","100kDa-concentrate_rep2","MUF-beta-glucoside",4e+05,53860,3,0.3064,1899-12-31 18:35:00,1.68,"t1",6
"246",2,"B9","ProMM","100kDa-concentrate_rep2","MUF-beta-glucoside",4e+05,54886.66667,3,0.8077,1899-12-31 18:35:00,1.68,"t1",6
"247",2,"C1","ProMM","100kDa-concentrate_rep3","MUF-Phosphate",1e+05,49966.66667,3,1.3064,1899-12-31 18:35:00,1.68,"t1",6
"248",2,"C2","ProMM","100kDa-concentrate_rep3","MUF-Phosphate",1e+05,42266.66667,3,1.0103,1899-12-31 18:35:00,1.68,"t1",6
"249",2,"C3","ProMM","100kDa-concentrate_rep3","MUF-Phosphate",1e+05,38300,3,0.219,1899-12-31 18:35:00,1.68,"t1",6
"250",2,"C4","ProMM","100kDa-concentrate_rep3","MUF-alpha-glucoside",4e+05,30073.33333,3,1.0758,1899-12-31 18:35:00,1.68,"t1",6
"251",2,"C5","ProMM","100kDa-concentrate_rep3","MUF-alpha-glucoside",4e+05,27643.33333,3,0.9205,1899-12-31 18:35:00,1.68,"t1",6
"252",2,"C6","ProMM","100kDa-concentrate_rep3","MUF-alpha-glucoside",4e+05,26400,3,0.717,1899-12-31 18:35:00,1.68,"t1",6
"253",2,"C7","ProMM","100kDa-concentrate_rep3","MUF-beta-glucoside",4e+05,26132.5,4,1.8246,1899-12-31 18:35:00,1.68,"t1",6
"254",2,"C8","ProMM","100kDa-concentrate_rep3","MUF-beta-glucoside",4e+05,24376.66667,3,1.1734,1899-12-31 18:35:00,1.68,"t1",6
"255",2,"C9","ProMM","100kDa-concentrate_rep3","MUF-beta-glucoside",4e+05,26663.33333,3,0.5606,1899-12-31 18:35:00,1.68,"t1",6
"256",2,"D1","ProMM","100kDa-outflow_rep1","MUF-Phosphate",1e+05,111843.33333,3,0.4923,1899-12-31 18:35:00,1.68,"t1",6
"257",2,"D2","ProMM","100kDa-outflow_rep1","MUF-Phosphate",1e+05,95496.66667,3,0.3702,1899-12-31 18:35:00,1.68,"t1",6
"258",2,"D3","ProMM","100kDa-outflow_rep1","MUF-Phosphate",1e+05,95140,3,0.3511,1899-12-31 18:35:00,1.68,"t1",6
"259",2,"D4","ProMM","100kDa-outflow_rep1","MUF-alpha-glucoside",4e+05,18106.66667,3,0.3409,1899-12-31 18:35:00,1.68,"t1",6
"260",2,"D5","ProMM","100kDa-outflow_rep1","MUF-alpha-glucoside",4e+05,19943.33333,3,1.1153,1899-12-31 18:35:00,1.68,"t1",6
"261",2,"D6","ProMM","100kDa-outflow_rep1","MUF-alpha-glucoside",4e+05,19070,3,0.8632,1899-12-31 18:35:00,1.68,"t1",6
"262",2,"D7","ProMM","100kDa-outflow_rep1","MUF-beta-glucoside",4e+05,16093.33333,3,1.7942,1899-12-31 18:35:00,1.68,"t1",6
"263",2,"D8","ProMM","100kDa-outflow_rep1","MUF-beta-glucoside",4e+05,16006.66667,6,1.9437,1899-12-31 18:35:00,1.68,"t1",6
"264",2,"D9","ProMM","100kDa-outflow_rep1","MUF-beta-glucoside",4e+05,24204,5,1.6939,1899-12-31 18:35:00,1.68,"t1",6
"265",2,"E1","ProMM","100kDa-outflow_rep2","MUF-Phosphate",1e+05,117706.66667,3,0.9763,1899-12-31 18:35:00,1.68,"t1",6
"266",2,"E2","ProMM","100kDa-outflow_rep2","MUF-Phosphate",1e+05,114080,3,0.9918,1899-12-31 18:35:00,1.68,"t1",6
"267",2,"E3","ProMM","100kDa-outflow_rep2","MUF-Phosphate",1e+05,120456.66667,3,0.5657,1899-12-31 18:35:00,1.68,"t1",6
"268",2,"E4","ProMM","100kDa-outflow_rep2","MUF-alpha-glucoside",4e+05,18350,5,1.6391,1899-12-31 18:35:00,1.68,"t1",6
"269",2,"E5","ProMM","100kDa-outflow_rep2","MUF-alpha-glucoside",4e+05,19466.66667,3,0.3171,1899-12-31 18:35:00,1.68,"t1",6
"270",2,"E6","ProMM","100kDa-outflow_rep2","MUF-alpha-glucoside",4e+05,18910,3,1.6563,1899-12-31 18:35:00,1.68,"t1",6
"271",2,"E7","ProMM","100kDa-outflow_rep2","MUF-beta-glucoside",4e+05,16574,5,1.9712,1899-12-31 18:35:00,1.68,"t1",6
"272",2,"E8","ProMM","100kDa-outflow_rep2","MUF-beta-glucoside",4e+05,15955,4,1.5413,1899-12-31 18:35:00,1.68,"t1",6
"273",2,"E9","ProMM","100kDa-outflow_rep2","MUF-beta-glucoside",4e+05,16883.33333,3,1.6547,1899-12-31 18:35:00,1.68,"t1",6
"274",2,"F1","ProMM","100kDa-outflow_rep3","MUF-Phosphate",1e+05,122300,3,0.4249,1899-12-31 18:35:00,1.68,"t1",6
"275",2,"F2","ProMM","100kDa-outflow_rep3","MUF-Phosphate",1e+05,114866.66667,3,0.1476,1899-12-31 18:35:00,1.68,"t1",6
"276",2,"F3","ProMM","100kDa-outflow_rep3","MUF-Phosphate",1e+05,122480,3,0.3163,1899-12-31 18:35:00,1.68,"t1",6
"277",2,"F4","ProMM","100kDa-outflow_rep3","MUF-alpha-glucoside",4e+05,18570,3,1.4662,1899-12-31 18:35:00,1.68,"t1",6
"278",2,"F5","ProMM","100kDa-outflow_rep3","MUF-alpha-glucoside",4e+05,18543.33333,3,0.327,1899-12-31 18:35:00,1.68,"t1",6
"279",2,"F6","ProMM","100kDa-outflow_rep3","MUF-alpha-glucoside",4e+05,19763.33333,6,1.7186,1899-12-31 18:35:00,1.68,"t1",6
"280",2,"F7","ProMM","100kDa-outflow_rep3","MUF-beta-glucoside",4e+05,16820,5,1.7177,1899-12-31 18:35:00,1.68,"t1",6
"281",2,"F8","ProMM","100kDa-outflow_rep3","MUF-beta-glucoside",4e+05,17175,4,1.6411,1899-12-31 18:35:00,1.68,"t1",6
"282",2,"F9","ProMM","100kDa-outflow_rep3","MUF-beta-glucoside",4e+05,16756.66667,3,0.9476,1899-12-31 18:35:00,1.68,"t1",6
"283",2,"G1","ProMM","NC","MUF-Phosphate",1e+05,41556.66667,3,0.4526,1899-12-31 18:35:00,1.68,"t1",6
"284",2,"G2","ProMM","NC","MUF-Phosphate",1e+05,41986.66667,3,0.5564,1899-12-31 18:35:00,1.68,"t1",6
"285",2,"G3","ProMM","NC","MUF-Phosphate",1e+05,41580,3,0.1706,1899-12-31 18:35:00,1.68,"t1",6
"286",2,"G4","ProMM","NC","MUF-alpha-glucoside",4e+05,18050,3,1.3619,1899-12-31 18:35:00,1.68,"t1",6
"287",2,"G5","ProMM","NC","MUF-alpha-glucoside",4e+05,18890,3,1.1432,1899-12-31 18:35:00,1.68,"t1",6
"288",2,"G6","ProMM","NC","MUF-alpha-glucoside",4e+05,18946,5,1.9016,1899-12-31 18:35:00,1.68,"t1",6
"289",2,"G7","ProMM","NC","MUF-beta-glucoside",4e+05,16974,5,1.9051,1899-12-31 18:35:00,1.68,"t1",6
"290",2,"G8","ProMM","NC","MUF-beta-glucoside",4e+05,15170,3,1.8129,1899-12-31 18:35:00,1.68,"t1",6
"291",2,"G9","ProMM","NC","MUF-beta-glucoside",4e+05,16580,3,0.6616,1899-12-31 18:35:00,1.68,"t1",6
"292",3,"A1","ProMM","total-fraction_rep1","MCA-Leucine",6e+05,339043.33333,3,0.2493,1899-12-31 18:40:00,1.67,"t1",8
"293",3,"A2","ProMM","total-fraction_rep1","MCA-Leucine",6e+05,302323.33333,3,0.6465,1899-12-31 18:40:00,1.67,"t1",8
"294",3,"A3","ProMM","total-fraction_rep1","MCA-Leucine",6e+05,298550,3,0.1375,1899-12-31 18:40:00,1.67,"t1",8
"295",3,"A4","ProMM","total-fraction_rep2","MCA-Leucine",6e+05,371406.66667,3,0.5044,1899-12-31 18:40:00,1.67,"t1",8
"296",3,"A5","ProMM","total-fraction_rep2","MCA-Leucine",6e+05,377416.66667,3,0.2312,1899-12-31 18:40:00,1.67,"t1",8
"297",3,"A6","ProMM","total-fraction_rep2","MCA-Leucine",6e+05,359090,3,0.2203,1899-12-31 18:40:00,1.67,"t1",8
"298",3,"A7","ProMM","total-fraction_rep3","MCA-Leucine",6e+05,349510,3,0.6893,1899-12-31 18:40:00,1.67,"t1",8
"299",3,"A8","ProMM","total-fraction_rep3","MCA-Leucine",6e+05,338020,3,0.3504,1899-12-31 18:40:00,1.67,"t1",8
"300",3,"A9","ProMM","total-fraction_rep3","MCA-Leucine",6e+05,325360,3,0.6979,1899-12-31 18:40:00,1.67,"t1",8
"301",3,"B1","ProMM","0.2um-filtrate_rep1","MCA-Leucine",6e+05,18630,3,1.4762,1899-12-31 18:40:00,1.67,"t1",8
"302",3,"B2","ProMM","0.2um-filtrate_rep1","MCA-Leucine",6e+05,20096.66667,3,1.2954,1899-12-31 18:40:00,1.67,"t1",8
"303",3,"B3","ProMM","0.2um-filtrate_rep1","MCA-Leucine",6e+05,19650,3,0.5313,1899-12-31 18:40:00,1.67,"t1",8
"304",3,"B4","ProMM","0.2um-filtrate_rep2","MCA-Leucine",6e+05,34046.66667,3,0.9595,1899-12-31 18:40:00,1.67,"t1",8
"305",3,"B5","ProMM","0.2um-filtrate_rep2","MCA-Leucine",6e+05,29013.33333,3,1.1187,1899-12-31 18:40:00,1.67,"t1",8
"306",3,"B6","ProMM","0.2um-filtrate_rep2","MCA-Leucine",6e+05,31770,3,1.4239,1899-12-31 18:40:00,1.67,"t1",8
"307",3,"B7","ProMM","0.2um-filtrate_rep3","MCA-Leucine",6e+05,21256.66667,3,0.0157,1899-12-31 18:40:00,1.67,"t1",8
"308",3,"B8","ProMM","0.2um-filtrate_rep3","MCA-Leucine",6e+05,23836.66667,3,0.4141,1899-12-31 18:40:00,1.67,"t1",8
"309",3,"B9","ProMM","0.2um-filtrate_rep3","MCA-Leucine",6e+05,22030,3,0.5504,1899-12-31 18:40:00,1.67,"t1",8
"310",3,"C1","ProMM","100kDa-concentrate_rep1","MCA-Leucine",6e+05,23173.33333,3,1.7134,1899-12-31 18:40:00,1.67,"t1",8
"311",3,"C2","ProMM","100kDa-concentrate_rep1","MCA-Leucine",6e+05,20623.33333,3,1.7477,1899-12-31 18:40:00,1.67,"t1",8
"312",3,"C3","ProMM","100kDa-concentrate_rep1","MCA-Leucine",6e+05,20733.33333,3,1.9683,1899-12-31 18:40:00,1.67,"t1",8
"313",3,"C4","ProMM","100kDa-concentrate_rep2","MCA-Leucine",6e+05,25076.66667,3,0.9728,1899-12-31 18:40:00,1.67,"t1",8
"314",3,"C5","ProMM","100kDa-concentrate_rep2","MCA-Leucine",6e+05,25240,3,1.2865,1899-12-31 18:40:00,1.67,"t1",8
"315",3,"C6","ProMM","100kDa-concentrate_rep2","MCA-Leucine",6e+05,25450,3,1.7922,1899-12-31 18:40:00,1.67,"t1",8
"316",3,"C7","ProMM","100kDa-concentrate_rep3","MCA-Leucine",6e+05,21343.33333,3,0.8513,1899-12-31 18:40:00,1.67,"t1",8
"317",3,"C8","ProMM","100kDa-concentrate_rep3","MCA-Leucine",6e+05,21713.33333,3,0.9042,1899-12-31 18:40:00,1.67,"t1",8
"318",3,"C9","ProMM","100kDa-concentrate_rep3","MCA-Leucine",6e+05,23886.66667,3,1.7671,1899-12-31 18:40:00,1.67,"t1",8
"319",3,"D1","ProMM","100kDa-outflow_rep1","MCA-Leucine",6e+05,17795,4,1.6367,1899-12-31 18:40:00,1.67,"t1",8
"320",3,"D2","ProMM","100kDa-outflow_rep1","MCA-Leucine",6e+05,15843.33333,3,1.2499,1899-12-31 18:40:00,1.67,"t1",8
"321",3,"D3","ProMM","100kDa-outflow_rep1","MCA-Leucine",6e+05,18433.33333,3,1.6601,1899-12-31 18:40:00,1.67,"t1",8
"322",3,"D4","ProMM","100kDa-outflow_rep2","MCA-Leucine",6e+05,18140,3,1.9756,1899-12-31 18:40:00,1.67,"t1",8
"323",3,"D5","ProMM","100kDa-outflow_rep2","MCA-Leucine",6e+05,18463.33333,3,0.3344,1899-12-31 18:40:00,1.67,"t1",8
"324",3,"D6","ProMM","100kDa-outflow_rep2","MCA-Leucine",6e+05,19586.66667,3,1.5995,1899-12-31 18:40:00,1.67,"t1",8
"325",3,"D7","ProMM","100kDa-outflow_rep3","MCA-Leucine",6e+05,18963.33333,3,1.9087,1899-12-31 18:40:00,1.67,"t1",8
"326",3,"D8","ProMM","100kDa-outflow_rep3","MCA-Leucine",6e+05,18506.66667,3,1.1137,1899-12-31 18:40:00,1.67,"t1",8
"327",3,"D9","ProMM","100kDa-outflow_rep3","MCA-Leucine",6e+05,21840,4,1.5136,1899-12-31 18:40:00,1.67,"t1",8
"328",3,"E1","ProMM","NC","MCA-Leucine",6e+05,20893.33333,3,1.4866,1899-12-31 18:40:00,1.67,"t1",8
"329",3,"E2","ProMM","NC","MCA-Leucine",6e+05,17823.33333,3,0.9633,1899-12-31 18:40:00,1.67,"t1",8
"330",3,"E3","ProMM","NC","MCA-Leucine",6e+05,19343.33333,3,0.906,1899-12-31 18:40:00,1.67,"t1",8
"331",1,"A1","ProMM","total-fraction_rep1","MUF-Phosphate",1e+05,3279756.66667,3,0.1553,1899-12-31 20:07:00,3.25,"t2",9
"332",1,"A2","ProMM","total-fraction_rep1","MUF-Phosphate",1e+05,2786886.66667,3,0.2001,1899-12-31 20:07:00,3.25,"t2",9
"333",1,"A3","ProMM","total-fraction_rep1","MUF-Phosphate",1e+05,2878853.33333,3,0.2823,1899-12-31 20:07:00,3.25,"t2",9
"334",1,"A4","ProMM","total-fraction_rep1","MUF-alpha-glucoside",4e+05,3626513.33333,3,0.099,1899-12-31 20:07:00,3.25,"t2",9
"335",1,"A5","ProMM","total-fraction_rep1","MUF-alpha-glucoside",4e+05,3763793.33333,3,0.1755,1899-12-31 20:07:00,3.25,"t2",9
"336",1,"A6","ProMM","total-fraction_rep1","MUF-alpha-glucoside",4e+05,3790823.33333,3,0.2506,1899-12-31 20:07:00,3.25,"t2",9
"337",1,"A7","ProMM","total-fraction_rep1","MUF-beta-glucoside",4e+05,2895573.33333,3,0.275,1899-12-31 20:07:00,3.25,"t2",9
"338",1,"A8","ProMM","total-fraction_rep1","MUF-beta-glucoside",4e+05,3088333.33333,3,0.1858,1899-12-31 20:07:00,3.25,"t2",9
"339",1,"A9","ProMM","total-fraction_rep1","MUF-beta-glucoside",4e+05,3000300,3,0.0965,1899-12-31 20:07:00,3.25,"t2",9
"340",1,"B1","ProMM","total-fraction_rep2","MUF-Phosphate",1e+05,3714380,3,0.1405,1899-12-31 20:07:00,3.25,"t2",9
"341",1,"B2","ProMM","total-fraction_rep2","MUF-Phosphate",1e+05,2504636.66667,3,0.0752,1899-12-31 20:07:00,3.25,"t2",9
"342",1,"B3","ProMM","total-fraction_rep2","MUF-Phosphate",1e+05,2368210,3,0.2446,1899-12-31 20:07:00,3.25,"t2",9
"343",1,"B4","ProMM","total-fraction_rep2","MUF-alpha-glucoside",4e+05,2581463.33333,3,0.1379,1899-12-31 20:07:00,3.25,"t2",9
"344",1,"B5","ProMM","total-fraction_rep2","MUF-alpha-glucoside",4e+05,2646696.66667,3,0.086,1899-12-31 20:07:00,3.25,"t2",9
"345",1,"B6","ProMM","total-fraction_rep2","MUF-alpha-glucoside",4e+05,2587666.66667,3,0.245,1899-12-31 20:07:00,3.25,"t2",9
"346",1,"B7","ProMM","total-fraction_rep2","MUF-beta-glucoside",4e+05,1764750,3,0.0854,1899-12-31 20:07:00,3.25,"t2",9
"347",1,"B8","ProMM","total-fraction_rep2","MUF-beta-glucoside",4e+05,1622700,3,0.0581,1899-12-31 20:07:00,3.25,"t2",9
"348",1,"B9","ProMM","total-fraction_rep2","MUF-beta-glucoside",4e+05,1659946.66667,3,0.0767,1899-12-31 20:07:00,3.25,"t2",9
"349",1,"C1","ProMM","total-fraction_rep3","MUF-Phosphate",1e+05,3639226.66667,3,0.1509,1899-12-31 20:07:00,3.25,"t2",9
"350",1,"C2","ProMM","total-fraction_rep3","MUF-Phosphate",1e+05,2570740,3,0.0987,1899-12-31 20:07:00,3.25,"t2",9
"351",1,"C3","ProMM","total-fraction_rep3","MUF-Phosphate",1e+05,2245013.33333,3,0.2824,1899-12-31 20:07:00,3.25,"t2",9
"352",1,"C4","ProMM","total-fraction_rep3","MUF-alpha-glucoside",4e+05,2009223.33333,3,0.0933,1899-12-31 20:07:00,3.25,"t2",9
"353",1,"C5","ProMM","total-fraction_rep3","MUF-alpha-glucoside",4e+05,2186726.66667,3,0.0777,1899-12-31 20:07:00,3.25,"t2",9
"354",1,"C6","ProMM","total-fraction_rep3","MUF-alpha-glucoside",4e+05,2734810,3,0.058,1899-12-31 20:07:00,3.25,"t2",9
"355",1,"C7","ProMM","total-fraction_rep3","MUF-beta-glucoside",4e+05,1910566.66667,3,0.1288,1899-12-31 20:07:00,3.25,"t2",9
"356",1,"C8","ProMM","total-fraction_rep3","MUF-beta-glucoside",4e+05,1822550,3,0.1122,1899-12-31 20:07:00,3.25,"t2",9
"357",1,"C9","ProMM","total-fraction_rep3","MUF-beta-glucoside",4e+05,1915656.66667,3,0.2032,1899-12-31 20:07:00,3.25,"t2",9
"358",1,"D1","ProMM","0.2um-filtrate_rep1","MUF-Phosphate",1e+05,607613.33333,3,0.1691,1899-12-31 20:07:00,3.25,"t2",9
"359",1,"D2","ProMM","0.2um-filtrate_rep1","MUF-Phosphate",1e+05,546593.33333,3,0.0552,1899-12-31 20:07:00,3.25,"t2",9
"360",1,"D3","ProMM","0.2um-filtrate_rep1","MUF-Phosphate",1e+05,515236.66667,3,0.3733,1899-12-31 20:07:00,3.25,"t2",9
"361",1,"D4","ProMM","0.2um-filtrate_rep1","MUF-alpha-glucoside",4e+05,93500,3,0.8385,1899-12-31 20:07:00,3.25,"t2",9
"362",1,"D5","ProMM","0.2um-filtrate_rep1","MUF-alpha-glucoside",4e+05,120630,3,1.0772,1899-12-31 20:07:00,3.25,"t2",9
"363",1,"D6","ProMM","0.2um-filtrate_rep1","MUF-alpha-glucoside",4e+05,73943.33333,3,0.7395,1899-12-31 20:07:00,3.25,"t2",9
"364",1,"D7","ProMM","0.2um-filtrate_rep1","MUF-beta-glucoside",4e+05,74230,3,0.7253,1899-12-31 20:07:00,3.25,"t2",9
"365",1,"D8","ProMM","0.2um-filtrate_rep1","MUF-beta-glucoside",4e+05,66220,3,0.9212,1899-12-31 20:07:00,3.25,"t2",9
"366",1,"D9","ProMM","0.2um-filtrate_rep1","MUF-beta-glucoside",4e+05,55130,3,1.2401,1899-12-31 20:07:00,3.25,"t2",9
"367",1,"E1","ProMM","0.2um-filtrate_rep2","MUF-Phosphate",1e+05,822736.66667,3,0.3031,1899-12-31 20:07:00,3.25,"t2",9
"368",1,"E2","ProMM","0.2um-filtrate_rep2","MUF-Phosphate",1e+05,717226.66667,3,0.0918,1899-12-31 20:07:00,3.25,"t2",9
"369",1,"E3","ProMM","0.2um-filtrate_rep2","MUF-Phosphate",1e+05,639913.33333,3,0.3213,1899-12-31 20:07:00,3.25,"t2",9
"370",1,"E4","ProMM","0.2um-filtrate_rep2","MUF-alpha-glucoside",4e+05,535660,3,0.2253,1899-12-31 20:07:00,3.25,"t2",9
"371",1,"E5","ProMM","0.2um-filtrate_rep2","MUF-alpha-glucoside",4e+05,509906.66667,3,0.0789,1899-12-31 20:07:00,3.25,"t2",9
"372",1,"E6","ProMM","0.2um-filtrate_rep2","MUF-alpha-glucoside",4e+05,539256.66667,3,0.273,1899-12-31 20:07:00,3.25,"t2",9
"373",1,"E7","ProMM","0.2um-filtrate_rep2","MUF-beta-glucoside",4e+05,349816.66667,3,0.3687,1899-12-31 20:07:00,3.25,"t2",9
"374",1,"E8","ProMM","0.2um-filtrate_rep2","MUF-beta-glucoside",4e+05,420180,3,0.3679,1899-12-31 20:07:00,3.25,"t2",9
"375",1,"E9","ProMM","0.2um-filtrate_rep2","MUF-beta-glucoside",4e+05,417026.66667,3,0.2331,1899-12-31 20:07:00,3.25,"t2",9
"376",1,"F1","ProMM","0.2um-filtrate_rep3","MUF-Phosphate",1e+05,750200,3,0.4583,1899-12-31 20:07:00,3.25,"t2",9
"377",1,"F2","ProMM","0.2um-filtrate_rep3","MUF-Phosphate",1e+05,655020,3,0.5221,1899-12-31 20:07:00,3.25,"t2",9
"378",1,"F3","ProMM","0.2um-filtrate_rep3","MUF-Phosphate",1e+05,603950,3,0.1768,1899-12-31 20:07:00,3.25,"t2",9
"379",1,"F4","ProMM","0.2um-filtrate_rep3","MUF-alpha-glucoside",4e+05,143716.66667,3,0.4453,1899-12-31 20:07:00,3.25,"t2",9
"380",1,"F5","ProMM","0.2um-filtrate_rep3","MUF-alpha-glucoside",4e+05,143470,3,0.8533,1899-12-31 20:07:00,3.25,"t2",9
"381",1,"F6","ProMM","0.2um-filtrate_rep3","MUF-alpha-glucoside",4e+05,136763.33333,3,0.4265,1899-12-31 20:07:00,3.25,"t2",9
"382",1,"F7","ProMM","0.2um-filtrate_rep3","MUF-beta-glucoside",4e+05,121026.66667,3,0.3041,1899-12-31 20:07:00,3.25,"t2",9
"383",1,"F8","ProMM","0.2um-filtrate_rep3","MUF-beta-glucoside",4e+05,112180,3,0.5248,1899-12-31 20:07:00,3.25,"t2",9
"384",1,"F9","ProMM","0.2um-filtrate_rep3","MUF-beta-glucoside",4e+05,122160,3,0.2456,1899-12-31 20:07:00,3.25,"t2",9
"385",1,"G1","ProMM","NC","MUF-Phosphate",1e+05,43760,3,1.0711,1899-12-31 20:07:00,3.25,"t2",9
"386",1,"G2","ProMM","NC","MUF-Phosphate",1e+05,41150,3,1.2044,1899-12-31 20:07:00,3.25,"t2",9
"387",1,"G3","ProMM","NC","MUF-Phosphate",1e+05,40923.33333,3,0.8771,1899-12-31 20:07:00,3.25,"t2",9
"388",1,"G4","ProMM","NC","MUF-alpha-glucoside",4e+05,17396.66667,3,0.614,1899-12-31 20:07:00,3.25,"t2",9
"389",1,"G5","ProMM","NC","MUF-alpha-glucoside",4e+05,17870,3,0.6838,1899-12-31 20:07:00,3.25,"t2",9
"390",1,"G6","ProMM","NC","MUF-alpha-glucoside",4e+05,18433.33333,3,0.3349,1899-12-31 20:07:00,3.25,"t2",9
"391",1,"G7","ProMM","NC","MUF-beta-glucoside",4e+05,15923.33333,3,1.278,1899-12-31 20:07:00,3.25,"t2",9
"392",1,"G8","ProMM","NC","MUF-beta-glucoside",4e+05,16670,4,1.7336,1899-12-31 20:07:00,3.25,"t2",9
"393",1,"G9","ProMM","NC","MUF-beta-glucoside",4e+05,16343.33333,3,1.7501,1899-12-31 20:07:00,3.25,"t2",9
"394",2,"A1","ProMM","100kDa-concentrate_rep1","MUF-Phosphate",1e+05,269780,3,0.0893,1899-12-31 20:10:00,3.27,"t2",10
"395",2,"A2","ProMM","100kDa-concentrate_rep1","MUF-Phosphate",1e+05,259400,3,0.584,1899-12-31 20:10:00,3.27,"t2",10
"396",2,"A3","ProMM","100kDa-concentrate_rep1","MUF-Phosphate",1e+05,255970,3,0.3308,1899-12-31 20:10:00,3.27,"t2",10
"397",2,"A4","ProMM","100kDa-concentrate_rep1","MUF-alpha-glucoside",4e+05,57840,3,0.4313,1899-12-31 20:10:00,3.27,"t2",10
"398",2,"A5","ProMM","100kDa-concentrate_rep1","MUF-alpha-glucoside",4e+05,63940,3,0.1779,1899-12-31 20:10:00,3.27,"t2",10
"399",2,"A6","ProMM","100kDa-concentrate_rep1","MUF-alpha-glucoside",4e+05,60683.33333,3,1.7673,1899-12-31 20:10:00,3.27,"t2",10
"400",2,"A7","ProMM","100kDa-concentrate_rep1","MUF-beta-glucoside",4e+05,50120,3,0.0943,1899-12-31 20:10:00,3.27,"t2",10
"401",2,"A8","ProMM","100kDa-concentrate_rep1","MUF-beta-glucoside",4e+05,50043.33333,3,0.6478,1899-12-31 20:10:00,3.27,"t2",10
"402",2,"A9","ProMM","100kDa-concentrate_rep1","MUF-beta-glucoside",4e+05,49800,3,0.9444,1899-12-31 20:10:00,3.27,"t2",10
"403",2,"B1","ProMM","100kDa-concentrate_rep2","MUF-Phosphate",1e+05,368943.33333,3,0.7406,1899-12-31 20:10:00,3.27,"t2",10
"404",2,"B2","ProMM","100kDa-concentrate_rep2","MUF-Phosphate",1e+05,302760,3,0.4288,1899-12-31 20:10:00,3.27,"t2",10
"405",2,"B3","ProMM","100kDa-concentrate_rep2","MUF-Phosphate",1e+05,287123.33333,3,0.2388,1899-12-31 20:10:00,3.27,"t2",10
"406",2,"B4","ProMM","100kDa-concentrate_rep2","MUF-alpha-glucoside",4e+05,155193.33333,3,0.2297,1899-12-31 20:10:00,3.27,"t2",10
"407",2,"B5","ProMM","100kDa-concentrate_rep2","MUF-alpha-glucoside",4e+05,173526.66667,3,0.5465,1899-12-31 20:10:00,3.27,"t2",10
"408",2,"B6","ProMM","100kDa-concentrate_rep2","MUF-alpha-glucoside",4e+05,192720,3,0.4467,1899-12-31 20:10:00,3.27,"t2",10
"409",2,"B7","ProMM","100kDa-concentrate_rep2","MUF-beta-glucoside",4e+05,114970,3,0.5132,1899-12-31 20:10:00,3.27,"t2",10
"410",2,"B8","ProMM","100kDa-concentrate_rep2","MUF-beta-glucoside",4e+05,128456.66667,3,0.4731,1899-12-31 20:10:00,3.27,"t2",10
"411",2,"B9","ProMM","100kDa-concentrate_rep2","MUF-beta-glucoside",4e+05,139066.66667,3,0.3038,1899-12-31 20:10:00,3.27,"t2",10
"412",2,"C1","ProMM","100kDa-concentrate_rep3","MUF-Phosphate",1e+05,84170,3,0.5256,1899-12-31 20:10:00,3.27,"t2",10
"413",2,"C2","ProMM","100kDa-concentrate_rep3","MUF-Phosphate",1e+05,68400,3,0.3734,1899-12-31 20:10:00,3.27,"t2",10
"414",2,"C3","ProMM","100kDa-concentrate_rep3","MUF-Phosphate",1e+05,59430,3,0.1517,1899-12-31 20:10:00,3.27,"t2",10
"415",2,"C4","ProMM","100kDa-concentrate_rep3","MUF-alpha-glucoside",4e+05,53653.33333,3,0.7387,1899-12-31 20:10:00,3.27,"t2",10
"416",2,"C5","ProMM","100kDa-concentrate_rep3","MUF-alpha-glucoside",4e+05,45340,3,0.3448,1899-12-31 20:10:00,3.27,"t2",10
"417",2,"C6","ProMM","100kDa-concentrate_rep3","MUF-alpha-glucoside",4e+05,42350,3,1.0091,1899-12-31 20:10:00,3.27,"t2",10
"418",2,"C7","ProMM","100kDa-concentrate_rep3","MUF-beta-glucoside",4e+05,39503.33333,3,0.6297,1899-12-31 20:10:00,3.27,"t2",10
"419",2,"C8","ProMM","100kDa-concentrate_rep3","MUF-beta-glucoside",4e+05,34696.66667,3,1.3939,1899-12-31 20:10:00,3.27,"t2",10
"420",2,"C9","ProMM","100kDa-concentrate_rep3","MUF-beta-glucoside",4e+05,39846.66667,3,1.6587,1899-12-31 20:10:00,3.27,"t2",10
"421",2,"D1","ProMM","100kDa-outflow_rep1","MUF-Phosphate",1e+05,171780,3,0.1631,1899-12-31 20:10:00,3.27,"t2",10
"422",2,"D2","ProMM","100kDa-outflow_rep1","MUF-Phosphate",1e+05,154906.66667,3,0.365,1899-12-31 20:10:00,3.27,"t2",10
"423",2,"D3","ProMM","100kDa-outflow_rep1","MUF-Phosphate",1e+05,154456.66667,3,0.0339,1899-12-31 20:10:00,3.27,"t2",10
"424",2,"D4","ProMM","100kDa-outflow_rep1","MUF-alpha-glucoside",4e+05,18983.33333,3,0.4656,1899-12-31 20:10:00,3.27,"t2",10
"425",2,"D5","ProMM","100kDa-outflow_rep1","MUF-alpha-glucoside",4e+05,19476.66667,3,1.5128,1899-12-31 20:10:00,3.27,"t2",10
"426",2,"D6","ProMM","100kDa-outflow_rep1","MUF-alpha-glucoside",4e+05,18876.66667,3,1.4163,1899-12-31 20:10:00,3.27,"t2",10
"427",2,"D7","ProMM","100kDa-outflow_rep1","MUF-beta-glucoside",4e+05,15467.5,4,1.9807,1899-12-31 20:10:00,3.27,"t2",10
"428",2,"D8","ProMM","100kDa-outflow_rep1","MUF-beta-glucoside",4e+05,15996.66667,3,1.4662,1899-12-31 20:10:00,3.27,"t2",10
"429",2,"D9","ProMM","100kDa-outflow_rep1","MUF-beta-glucoside",4e+05,23006.66667,3,1.3199,1899-12-31 20:10:00,3.27,"t2",10
"430",2,"E1","ProMM","100kDa-outflow_rep2","MUF-Phosphate",1e+05,179426.66667,3,0.4485,1899-12-31 20:10:00,3.27,"t2",10
"431",2,"E2","ProMM","100kDa-outflow_rep2","MUF-Phosphate",1e+05,187656.66667,3,0.3959,1899-12-31 20:10:00,3.27,"t2",10
"432",2,"E3","ProMM","100kDa-outflow_rep2","MUF-Phosphate",1e+05,181236.66667,3,0.1206,1899-12-31 20:10:00,3.27,"t2",10
"433",2,"E4","ProMM","100kDa-outflow_rep2","MUF-alpha-glucoside",4e+05,18558,5,1.7939,1899-12-31 20:10:00,3.27,"t2",10
"434",2,"E5","ProMM","100kDa-outflow_rep2","MUF-alpha-glucoside",4e+05,18853.33333,3,1.9041,1899-12-31 20:10:00,3.27,"t2",10
"435",2,"E6","ProMM","100kDa-outflow_rep2","MUF-alpha-glucoside",4e+05,18550,3,0.421,1899-12-31 20:10:00,3.27,"t2",10
"436",2,"E7","ProMM","100kDa-outflow_rep2","MUF-beta-glucoside",4e+05,16106.66667,3,1.3201,1899-12-31 20:10:00,3.27,"t2",10
"437",2,"E8","ProMM","100kDa-outflow_rep2","MUF-beta-glucoside",4e+05,15793.33333,3,0.9178,1899-12-31 20:10:00,3.27,"t2",10
"438",2,"E9","ProMM","100kDa-outflow_rep2","MUF-beta-glucoside",4e+05,16577.5,4,1.7,1899-12-31 20:10:00,3.27,"t2",10
"439",2,"F1","ProMM","100kDa-outflow_rep3","MUF-Phosphate",1e+05,173840,3,0.4861,1899-12-31 20:10:00,3.27,"t2",10
"440",2,"F2","ProMM","100kDa-outflow_rep3","MUF-Phosphate",1e+05,178113.33333,3,0.5209,1899-12-31 20:10:00,3.27,"t2",10
"441",2,"F3","ProMM","100kDa-outflow_rep3","MUF-Phosphate",1e+05,184966.66667,3,0.348,1899-12-31 20:10:00,3.27,"t2",10
"442",2,"F4","ProMM","100kDa-outflow_rep3","MUF-alpha-glucoside",4e+05,18813.33333,3,0.8202,1899-12-31 20:10:00,3.27,"t2",10
"443",2,"F5","ProMM","100kDa-outflow_rep3","MUF-alpha-glucoside",4e+05,18762.5,4,1.4284,1899-12-31 20:10:00,3.27,"t2",10
"444",2,"F6","ProMM","100kDa-outflow_rep3","MUF-alpha-glucoside",4e+05,18926.66667,3,1.66,1899-12-31 20:10:00,3.27,"t2",10
"445",2,"F7","ProMM","100kDa-outflow_rep3","MUF-beta-glucoside",4e+05,16132.5,4,1.6163,1899-12-31 20:10:00,3.27,"t2",10
"446",2,"F8","ProMM","100kDa-outflow_rep3","MUF-beta-glucoside",4e+05,17472.5,4,1.7526,1899-12-31 20:10:00,3.27,"t2",10
"447",2,"F9","ProMM","100kDa-outflow_rep3","MUF-beta-glucoside",4e+05,16670,3,1.9246,1899-12-31 20:10:00,3.27,"t2",10
"448",2,"G1","ProMM","NC","MUF-Phosphate",1e+05,42126.66667,3,1.7874,1899-12-31 20:10:00,3.27,"t2",10
"449",2,"G2","ProMM","NC","MUF-Phosphate",1e+05,41240,3,0.6426,1899-12-31 20:10:00,3.27,"t2",10
"450",2,"G3","ProMM","NC","MUF-Phosphate",1e+05,40886.66667,3,1.0616,1899-12-31 20:10:00,3.27,"t2",10
"451",2,"G4","ProMM","NC","MUF-alpha-glucoside",4e+05,17616.66667,3,0.5227,1899-12-31 20:10:00,3.27,"t2",10
"452",2,"G5","ProMM","NC","MUF-alpha-glucoside",4e+05,18173.33333,3,1.7253,1899-12-31 20:10:00,3.27,"t2",10
"453",2,"G6","ProMM","NC","MUF-alpha-glucoside",4e+05,18193.33333,3,1.3472,1899-12-31 20:10:00,3.27,"t2",10
"454",2,"G7","ProMM","NC","MUF-beta-glucoside",4e+05,16353.33333,3,1.2232,1899-12-31 20:10:00,3.27,"t2",10
"455",2,"G8","ProMM","NC","MUF-beta-glucoside",4e+05,14183.33333,3,0.8884,1899-12-31 20:10:00,3.27,"t2",10
"456",2,"G9","ProMM","NC","MUF-beta-glucoside",4e+05,15833.33333,3,1.687,1899-12-31 20:10:00,3.27,"t2",10
"457",3,"A1","ProMM","total-fraction_rep1","MCA-Leucine",6e+05,892946.66667,3,0.0985,1899-12-31 20:15:00,3.25,"t2",12
"458",3,"A2","ProMM","total-fraction_rep1","MCA-Leucine",6e+05,649973.33333,3,0.4806,1899-12-31 20:15:00,3.25,"t2",12
"459",3,"A3","ProMM","total-fraction_rep1","MCA-Leucine",6e+05,703743.33333,3,0.1636,1899-12-31 20:15:00,3.25,"t2",12
"460",3,"A4","ProMM","total-fraction_rep2","MCA-Leucine",6e+05,869313.33333,3,0.2241,1899-12-31 20:15:00,3.25,"t2",12
"461",3,"A5","ProMM","total-fraction_rep2","MCA-Leucine",6e+05,855700,3,0.245,1899-12-31 20:15:00,3.25,"t2",12
"462",3,"A6","ProMM","total-fraction_rep2","MCA-Leucine",6e+05,796323.33333,3,0.2488,1899-12-31 20:15:00,3.25,"t2",12
"463",3,"A7","ProMM","total-fraction_rep3","MCA-Leucine",6e+05,798513.33333,3,0.1482,1899-12-31 20:15:00,3.25,"t2",12
"464",3,"A8","ProMM","total-fraction_rep3","MCA-Leucine",6e+05,762100,3,0.4472,1899-12-31 20:15:00,3.25,"t2",12
"465",3,"A9","ProMM","total-fraction_rep3","MCA-Leucine",6e+05,664926.66667,3,0.1295,1899-12-31 20:15:00,3.25,"t2",12
"466",3,"B1","ProMM","0.2um-filtrate_rep1","MCA-Leucine",6e+05,21480,3,1.6923,1899-12-31 20:15:00,3.25,"t2",12
"467",3,"B2","ProMM","0.2um-filtrate_rep1","MCA-Leucine",6e+05,22160,3,1.1075,1899-12-31 20:15:00,3.25,"t2",12
"468",3,"B3","ProMM","0.2um-filtrate_rep1","MCA-Leucine",6e+05,21796.66667,3,1.4373,1899-12-31 20:15:00,3.25,"t2",12
"469",3,"B4","ProMM","0.2um-filtrate_rep2","MCA-Leucine",6e+05,43626.66667,3,0.6958,1899-12-31 20:15:00,3.25,"t2",12
"470",3,"B5","ProMM","0.2um-filtrate_rep2","MCA-Leucine",6e+05,39186.66667,3,1.1218,1899-12-31 20:15:00,3.25,"t2",12
"471",3,"B6","ProMM","0.2um-filtrate_rep2","MCA-Leucine",6e+05,52860,3,0.9572,1899-12-31 20:15:00,3.25,"t2",12
"472",3,"B7","ProMM","0.2um-filtrate_rep3","MCA-Leucine",6e+05,23263.33333,3,0.9651,1899-12-31 20:15:00,3.25,"t2",12
"473",3,"B8","ProMM","0.2um-filtrate_rep3","MCA-Leucine",6e+05,30745,4,1.6051,1899-12-31 20:15:00,3.25,"t2",12
"474",3,"B9","ProMM","0.2um-filtrate_rep3","MCA-Leucine",6e+05,24533.33333,3,1.1351,1899-12-31 20:15:00,3.25,"t2",12
"475",3,"C1","ProMM","100kDa-concentrate_rep1","MCA-Leucine",6e+05,24030,3,1.742,1899-12-31 20:15:00,3.25,"t2",12
"476",3,"C2","ProMM","100kDa-concentrate_rep1","MCA-Leucine",6e+05,22750,3,0.6375,1899-12-31 20:15:00,3.25,"t2",12
"477",3,"C3","ProMM","100kDa-concentrate_rep1","MCA-Leucine",6e+05,21816.66667,3,0.3764,1899-12-31 20:15:00,3.25,"t2",12
"478",3,"C4","ProMM","100kDa-concentrate_rep2","MCA-Leucine",6e+05,29133.33333,3,1.0804,1899-12-31 20:15:00,3.25,"t2",12
"479",3,"C5","ProMM","100kDa-concentrate_rep2","MCA-Leucine",6e+05,30290,3,1.5559,1899-12-31 20:15:00,3.25,"t2",12
"480",3,"C6","ProMM","100kDa-concentrate_rep2","MCA-Leucine",6e+05,31680,3,0.621,1899-12-31 20:15:00,3.25,"t2",12
"481",3,"C7","ProMM","100kDa-concentrate_rep3","MCA-Leucine",6e+05,22058,5,1.6863,1899-12-31 20:15:00,3.25,"t2",12
"482",3,"C8","ProMM","100kDa-concentrate_rep3","MCA-Leucine",6e+05,23183.33333,3,0.7364,1899-12-31 20:15:00,3.25,"t2",12
"483",3,"C9","ProMM","100kDa-concentrate_rep3","MCA-Leucine",6e+05,22810,3,1.5321,1899-12-31 20:15:00,3.25,"t2",12
"484",3,"D1","ProMM","100kDa-outflow_rep1","MCA-Leucine",6e+05,17648.33333,6,1.7354,1899-12-31 20:15:00,3.25,"t2",12
"485",3,"D2","ProMM","100kDa-outflow_rep1","MCA-Leucine",6e+05,15090,3,1.9524,1899-12-31 20:15:00,3.25,"t2",12
"486",3,"D3","ProMM","100kDa-outflow_rep1","MCA-Leucine",6e+05,18063.33333,3,0.208,1899-12-31 20:15:00,3.25,"t2",12
"487",3,"D4","ProMM","100kDa-outflow_rep2","MCA-Leucine",6e+05,18043.33333,3,1.379,1899-12-31 20:15:00,3.25,"t2",12
"488",3,"D5","ProMM","100kDa-outflow_rep2","MCA-Leucine",6e+05,18040,5,1.9641,1899-12-31 20:15:00,3.25,"t2",12
"489",3,"D6","ProMM","100kDa-outflow_rep2","MCA-Leucine",6e+05,18803.33333,3,1.6073,1899-12-31 20:15:00,3.25,"t2",12
"490",3,"D7","ProMM","100kDa-outflow_rep3","MCA-Leucine",6e+05,18585,4,1.6275,1899-12-31 20:15:00,3.25,"t2",12
"491",3,"D8","ProMM","100kDa-outflow_rep3","MCA-Leucine",6e+05,18416.66667,3,0.9099,1899-12-31 20:15:00,3.25,"t2",12
"492",3,"D9","ProMM","100kDa-outflow_rep3","MCA-Leucine",6e+05,21674,5,1.8831,1899-12-31 20:15:00,3.25,"t2",12
"493",3,"E1","ProMM","NC","MCA-Leucine",6e+05,19800,4,1.8318,1899-12-31 20:15:00,3.25,"t2",12
"494",3,"E2","ProMM","NC","MCA-Leucine",6e+05,17790,3,1.3773,1899-12-31 20:15:00,3.25,"t2",12
"495",3,"E3","ProMM","NC","MCA-Leucine",6e+05,20407.5,4,1.6822,1899-12-31 20:15:00,3.25,"t2",12
